{"cameraMode":{"drawMode":0,"name":"Shaded","section":"Shading Mode"},"sceneLighting":false,"audioPlay":false,"sceneViewState":{"showFog":true,"showMaterialUpdate":true,"showSkybox":true,"showFlares":true,"showImageEffects":true,"showParticleSystems":true},"in2DMode":false,"pivot":{"x":573.3447265625,"y":374.76702880859377,"z":211.798095703125},"rotation":{"x":0.05005289614200592,"y":0.2169744372367859,"z":-0.011201000772416592,"w":0.9749035835266113},"size":4928.77197265625,"orthographic":false}