{"cameraMode":{"drawMode":0,"name":"Shaded","section":"Shading Mode"},"sceneLighting":false,"audioPlay":false,"sceneViewState":{"showFog":true,"showMaterialUpdate":true,"showSkybox":false,"showFlares":true,"showImageEffects":true,"showParticleSystems":true},"in2DMode":false,"pivot":{"x":-10.8100004196167,"y":1.0099999904632569,"z":1.159999966621399},"rotation":{"x":0.06283877044916153,"y":0.7838866710662842,"z":-0.08051957935094834,"w":0.6125468611717224},"size":1.5223720073699952,"orthographic":false}