{"cameraMode":{"drawMode":0,"name":"Shaded","section":"Shading Mode"},"sceneLighting":false,"audioPlay":false,"sceneViewState":{"showFog":true,"showMaterialUpdate":true,"showSkybox":true,"showFlares":true,"showImageEffects":true,"showParticleSystems":true},"in2DMode":false,"pivot":{"x":-2.8770689964294435,"y":1.6624443531036378,"z":4.566518306732178},"rotation":{"x":0.02265818789601326,"y":0.6624914407730103,"z":-0.02012765035033226,"w":0.7485397458076477},"size":20.000368118286134,"orthographic":false}