{"cameraMode":{"drawMode":0,"name":"Shaded","section":"Shading Mode"},"sceneLighting":false,"audioPlay":false,"sceneViewState":{"showFog":true,"showMaterialUpdate":true,"showSkybox":true,"showFlares":true,"showImageEffects":true,"showParticleSystems":true},"in2DMode":false,"pivot":{"x":1.0953644514083863,"y":-0.5733309984207153,"z":6.133963108062744},"rotation":{"x":-0.19068315625190736,"y":-0.0670894980430603,"z":0.013068498112261296,"w":-0.9792887568473816},"size":36.03911590576172,"orthographic":false}