{"cameraMode":{"drawMode":0,"name":"Shaded","section":"Shading Mode"},"sceneLighting":false,"audioPlay":false,"sceneViewState":{"showFog":true,"showMaterialUpdate":true,"showSkybox":true,"showFlares":true,"showImageEffects":true,"showParticleSystems":true},"in2DMode":false,"pivot":{"x":-2.8770689964294435,"y":1.6624443531036378,"z":4.566518306732178},"rotation":{"x":0.08809242397546768,"y":0.4805006980895996,"z":-0.048675984144210818,"w":0.8712792992591858},"size":20.000368118286134,"orthographic":false}